{
  "project_info": {
    "project_number": "79226385746",
    "firebase_url": "https://bettervpn-a8146.firebaseio.com",
    "project_id": "bettervpn-a8146",
    "storage_bucket": "bettervpn-a8146.appspot.com"
  },
  "client": [
    {
      "client_info": {
        "mobilesdk_app_id": "1:79226385746:android:ddc0dfd972124147",
        "android_client_info": {
          "package_name": "com.monkey.vpn"
        }
      },
      "oauth_client": [
        {
          "client_id": "79226385746-3sutbpnt5f7j9bjqrfo791uketmi1i4c.apps.googleusercontent.com",
          "client_type": 3
        }
      ],
      "api_key": [
        {
          "current_key": "AIzaSyAGg87Ppv4Wb9QP7eb0Y4OEd67zWoVoAIg"
        }
      ],
      "services": {
        "analytics_service": {
          "status": 1
        },
        "appinvite_service": {
          "status": 1,
          "other_platform_oauth_client": []
        },
        "ads_service": {
          "status": 2
        }
      }
    }
  ],
  "configuration_version": "1"
}