{"v":"4.7.0","fr":29.9700012207031,"ip":0,"op":90.0000036657751,"w":720,"h":720,"nm":"Comp 1","ddd":0,"assets":[],"layers":[{"ddd":0,"ind":1,"ty":4,"nm":"Shape Layer 12","ks":{"o":{"a":0,"k":100},"r":{"a":0,"k":0},"p":{"a":0,"k":[360,360,0]},"a":{"a":0,"k":[0,0,0]},"s":{"a":0,"k":[100,100,100]}},"ao":0,"shapes":[],"ip":0,"op":90.0000036657751,"st":0,"bm":0,"sr":1},{"ddd":0,"ind":2,"ty":4,"nm":"eye","ks":{"o":{"a":0,"k":100},"r":{"a":0,"k":0},"p":{"a":0,"k":[435.703,334.578,0]},"a":{"a":0,"k":[75.656,-25.094,0]},"s":{"a":1,"k":[{"i":{"x":[0.667,0.667,0.667],"y":[1,1,1]},"o":{"x":[0.333,0.333,0.333],"y":[0,0,0]},"n":["0p667_1_0p333_0","0p667_1_0p333_0","0p667_1_0p333_0"],"t":55,"s":[68.389,68.389,100],"e":[100,0,100]},{"i":{"x":[0.667,0.667,0.667],"y":[1,1,1]},"o":{"x":[0.333,0.333,0.333],"y":[0,0,0]},"n":["0p667_1_0p333_0","0p667_1_0p333_0","0p667_1_0p333_0"],"t":71,"s":[100,0,100],"e":[68.389,68.389,100]},{"t":90.0000036657751}]}},"ao":0,"shapes":[{"ty":"gr","it":[{"d":1,"ty":"el","s":{"a":0,"k":[20.563,20.563]},"p":{"a":0,"k":[0,0]},"nm":"Ellipse Path 1","mn":"ADBE Vector Shape - Ellipse"},{"ty":"fl","c":{"a":0,"k":[0.6705883,0.6442907,0.6442907,1]},"o":{"a":0,"k":100},"r":1,"nm":"Fill 1","mn":"ADBE Vector Graphic - Fill"},{"ty":"tr","p":{"a":0,"k":[75.656,-25.094],"ix":2},"a":{"a":0,"k":[0,0],"ix":1},"s":{"a":0,"k":[100,100],"ix":3},"r":{"a":0,"k":0,"ix":6},"o":{"a":0,"k":100,"ix":7},"sk":{"a":0,"k":0,"ix":4},"sa":{"a":0,"k":0,"ix":5},"nm":"Transform"}],"nm":"Ellipse 1","np":2,"cix":2,"ix":1,"mn":"ADBE Vector Group"}],"ip":0,"op":90.0000036657751,"st":0,"bm":0,"sr":1},{"ddd":0,"ind":3,"ty":4,"nm":"out eye","ks":{"o":{"a":0,"k":100},"r":{"a":0,"k":0},"p":{"a":0,"k":[359.953,360.328,0]},"a":{"a":0,"k":[0,0,0]},"s":{"a":0,"k":[100,100,100]}},"ao":0,"shapes":[{"ty":"gr","it":[{"d":1,"ty":"el","s":{"a":0,"k":[27.5,27.5]},"p":{"a":0,"k":[0,0]},"nm":"Ellipse Path 1","mn":"ADBE Vector Shape - Ellipse"},{"ty":"fl","c":{"a":0,"k":[0.9294118,0.8783852,0.8783852,1]},"o":{"a":0,"k":100},"r":1,"nm":"Fill 1","mn":"ADBE Vector Graphic - Fill"},{"ty":"tr","p":{"a":0,"k":[75.75,-25.75],"ix":2},"a":{"a":0,"k":[0,0],"ix":1},"s":{"a":0,"k":[100,100],"ix":3},"r":{"a":0,"k":0,"ix":6},"o":{"a":0,"k":100,"ix":7},"sk":{"a":0,"k":0,"ix":4},"sa":{"a":0,"k":0,"ix":5},"nm":"Transform"}],"nm":"Ellipse 1","np":2,"cix":2,"ix":1,"mn":"ADBE Vector Group"}],"ip":0,"op":90.0000036657751,"st":0,"bm":0,"sr":1},{"ddd":0,"ind":4,"ty":4,"nm":"duoi","ks":{"o":{"a":0,"k":100},"r":{"a":1,"k":[{"i":{"x":[0.833],"y":[0.833]},"o":{"x":[0.167],"y":[0.167]},"n":["0p833_0p833_0p167_0p167"],"t":17,"s":[0],"e":[-32]},{"i":{"x":[0.833],"y":[0.833]},"o":{"x":[0.167],"y":[0.167]},"n":["0p833_0p833_0p167_0p167"],"t":47,"s":[-32],"e":[0]},{"t":76.0000030955435}]},"p":{"a":0,"k":[232.901,264.898,0]},"a":{"a":0,"k":[-146.691,-122.142,0]},"s":{"a":0,"k":[108.07,100,100]}},"ao":0,"shapes":[{"ty":"gr","it":[{"ind":0,"ty":"sh","ix":1,"ks":{"a":0,"k":{"i":[[0,0],[-0.257,-29.886],[-0.011,0.582],[0,0],[-8.139,-12.838],[-17.886,27.356]],"o":[[0,0],[0.004,0.509],[0.5,-26.125],[0,0],[17.343,27.356],[8.5,-13]],"v":[[-95.5,-206.75],[-132.419,-164.682],[-132.209,-166.586],[-168.75,-202.5],[-167.25,-169],[-98.605,-168.936]],"c":true}},"nm":"Path 1","mn":"ADBE Vector Shape - Group"},{"ty":"fl","c":{"a":0,"k":[0.4745098,0.7490196,0.827451,1]},"o":{"a":0,"k":100},"r":1,"nm":"Fill 1","mn":"ADBE Vector Graphic - Fill"},{"ty":"tr","p":{"a":0,"k":[-146.5,-122.5],"ix":2},"a":{"a":0,"k":[-131.308,-148.646],"ix":1},"s":{"a":0,"k":[72.59,72.59],"ix":3},"r":{"a":0,"k":-39.108,"ix":6},"o":{"a":0,"k":100,"ix":7},"sk":{"a":0,"k":0,"ix":4},"sa":{"a":0,"k":0,"ix":5},"nm":"Transform"}],"nm":"Shape 1","np":2,"cix":2,"ix":1,"mn":"ADBE Vector Group"}],"ip":0,"op":90.0000036657751,"st":0,"bm":0,"sr":1},{"ddd":0,"ind":5,"ty":4,"nm":"a1","ks":{"o":{"a":0,"k":100},"r":{"a":0,"k":0},"p":{"a":0,"k":[360,360,0]},"a":{"a":0,"k":[0,0,0]},"s":{"a":0,"k":[100,100,100]}},"ao":0,"shapes":[{"ind":0,"ty":"sh","ix":1,"ks":{"a":1,"k":[{"i":{"x":0.667,"y":1},"o":{"x":0.333,"y":0},"n":"0p667_1_0p333_0","t":0,"s":[{"i":[[81.462,0],[26.998,-29.979],[3.641,-5.283],[2.87,-5.56],[0,-24.352],[-49.64,11.681],[-39.551,-6.305],[-22.411,0.678],[0,64.505]],"o":[[-43.52,0],[-4.281,4.754],[-3.529,5.12],[-10.45,20.243],[0,57.766],[68.927,-16.219],[34.5,5.5],[59.831,-1.811],[0,-81.462]],"v":[[0,-147.5],[-107.887,-100.173],[-132.786,-102.352],[-131.148,-67.568],[-147.5,0],[-84.927,26.219],[-39,77.5],[36.911,23.822],[147.5,0]],"c":true}],"e":[{"i":[[81.462,0],[26.998,-29.979],[3.641,-5.283],[2.87,-5.56],[0,-24.352],[-49.64,11.681],[-39.551,-6.305],[-22.411,0.678],[0,64.505]],"o":[[-43.52,0],[-4.281,4.754],[-3.529,5.12],[-10.45,20.243],[0,57.766],[68.927,-16.219],[34.5,5.5],[59.831,-1.811],[0,-81.462]],"v":[[0,-147.5],[-107.887,-100.173],[-132.786,-102.352],[-131.148,-67.568],[-147.5,0],[-84.927,26.219],[-67,61.5],[36.911,23.822],[147.5,0]],"c":true}]},{"i":{"x":0.667,"y":1},"o":{"x":0.333,"y":0},"n":"0p667_1_0p333_0","t":15,"s":[{"i":[[81.462,0],[26.998,-29.979],[3.641,-5.283],[2.87,-5.56],[0,-24.352],[-49.64,11.681],[-39.551,-6.305],[-22.411,0.678],[0,64.505]],"o":[[-43.52,0],[-4.281,4.754],[-3.529,5.12],[-10.45,20.243],[0,57.766],[68.927,-16.219],[34.5,5.5],[59.831,-1.811],[0,-81.462]],"v":[[0,-147.5],[-107.887,-100.173],[-132.786,-102.352],[-131.148,-67.568],[-147.5,0],[-84.927,26.219],[-67,61.5],[36.911,23.822],[147.5,0]],"c":true}],"e":[{"i":[[81.462,0],[26.998,-29.979],[3.641,-5.283],[2.87,-5.56],[0,-24.352],[-49.64,11.681],[-39.551,-6.305],[-22.411,0.678],[0,64.505]],"o":[[-43.52,0],[-4.281,4.754],[-3.529,5.12],[-10.45,20.243],[0,57.766],[68.927,-16.219],[34.5,5.5],[59.831,-1.811],[0,-81.462]],"v":[[0,-147.5],[-107.887,-100.173],[-132.786,-102.352],[-131.148,-67.568],[-147.5,0],[-84.927,26.219],[-39,77.5],[36.911,23.822],[147.5,0]],"c":true}]},{"i":{"x":0.667,"y":1},"o":{"x":0.333,"y":0},"n":"0p667_1_0p333_0","t":33,"s":[{"i":[[81.462,0],[26.998,-29.979],[3.641,-5.283],[2.87,-5.56],[0,-24.352],[-49.64,11.681],[-39.551,-6.305],[-22.411,0.678],[0,64.505]],"o":[[-43.52,0],[-4.281,4.754],[-3.529,5.12],[-10.45,20.243],[0,57.766],[68.927,-16.219],[34.5,5.5],[59.831,-1.811],[0,-81.462]],"v":[[0,-147.5],[-107.887,-100.173],[-132.786,-102.352],[-131.148,-67.568],[-147.5,0],[-84.927,26.219],[-39,77.5],[36.911,23.822],[147.5,0]],"c":true}],"e":[{"i":[[81.462,0],[26.998,-29.979],[3.641,-5.283],[2.87,-5.56],[0,-24.352],[-49.64,11.681],[-39.551,-6.305],[-22.411,0.678],[0,64.505]],"o":[[-43.52,0],[-4.281,4.754],[-3.529,5.12],[-10.45,20.243],[0,57.766],[68.927,-16.219],[34.5,5.5],[59.831,-1.811],[0,-81.462]],"v":[[0,-147.5],[-107.887,-100.173],[-132.786,-102.352],[-131.148,-67.568],[-147.5,0],[-84.927,26.219],[-39,77.5],[36.911,23.822],[147.5,0]],"c":true}]},{"i":{"x":0.667,"y":1},"o":{"x":0.333,"y":0},"n":"0p667_1_0p333_0","t":49,"s":[{"i":[[81.462,0],[26.998,-29.979],[3.641,-5.283],[2.87,-5.56],[0,-24.352],[-49.64,11.681],[-39.551,-6.305],[-22.411,0.678],[0,64.505]],"o":[[-43.52,0],[-4.281,4.754],[-3.529,5.12],[-10.45,20.243],[0,57.766],[68.927,-16.219],[34.5,5.5],[59.831,-1.811],[0,-81.462]],"v":[[0,-147.5],[-107.887,-100.173],[-132.786,-102.352],[-131.148,-67.568],[-147.5,0],[-84.927,26.219],[-39,77.5],[36.911,23.822],[147.5,0]],"c":true}],"e":[{"i":[[81.462,0],[26.998,-29.979],[3.641,-5.283],[2.87,-5.56],[0,-24.352],[-49.64,11.681],[-39.551,-6.305],[-22.411,0.678],[0,64.505]],"o":[[-43.52,0],[-4.281,4.754],[-3.529,5.12],[-10.45,20.243],[0,57.766],[68.927,-16.219],[34.5,5.5],[59.831,-1.811],[0,-81.462]],"v":[[0,-147.5],[-107.887,-100.173],[-132.786,-102.352],[-131.148,-67.568],[-147.5,0],[-84.927,26.219],[-67,61.5],[36.911,23.822],[147.5,0]],"c":true}]},{"i":{"x":0.667,"y":1},"o":{"x":0.333,"y":0},"n":"0p667_1_0p333_0","t":75,"s":[{"i":[[81.462,0],[26.998,-29.979],[3.641,-5.283],[2.87,-5.56],[0,-24.352],[-49.64,11.681],[-39.551,-6.305],[-22.411,0.678],[0,64.505]],"o":[[-43.52,0],[-4.281,4.754],[-3.529,5.12],[-10.45,20.243],[0,57.766],[68.927,-16.219],[34.5,5.5],[59.831,-1.811],[0,-81.462]],"v":[[0,-147.5],[-107.887,-100.173],[-132.786,-102.352],[-131.148,-67.568],[-147.5,0],[-84.927,26.219],[-67,61.5],[36.911,23.822],[147.5,0]],"c":true}],"e":[{"i":[[81.462,0],[26.998,-29.979],[3.641,-5.283],[2.87,-5.56],[0,-24.352],[-49.64,11.681],[-39.551,-6.305],[-22.411,0.678],[0,64.505]],"o":[[-43.52,0],[-4.281,4.754],[-3.529,5.12],[-10.45,20.243],[0,57.766],[68.927,-16.219],[34.5,5.5],[59.831,-1.811],[0,-81.462]],"v":[[0,-147.5],[-107.887,-100.173],[-132.786,-102.352],[-131.148,-67.568],[-147.5,0],[-84.927,26.219],[-39,77.5],[36.911,23.822],[147.5,0]],"c":true}]},{"i":{"x":0.833,"y":0.833},"o":{"x":0.333,"y":0},"n":"0p833_0p833_0p333_0","t":89,"s":[{"i":[[81.462,0],[26.998,-29.979],[3.641,-5.283],[2.87,-5.56],[0,-24.352],[-49.64,11.681],[-39.551,-6.305],[-22.411,0.678],[0,64.505]],"o":[[-43.52,0],[-4.281,4.754],[-3.529,5.12],[-10.45,20.243],[0,57.766],[68.927,-16.219],[34.5,5.5],[59.831,-1.811],[0,-81.462]],"v":[[0,-147.5],[-107.887,-100.173],[-132.786,-102.352],[-131.148,-67.568],[-147.5,0],[-84.927,26.219],[-39,77.5],[36.911,23.822],[147.5,0]],"c":true}],"e":[{"i":[[81.462,0],[26.998,-29.979],[3.641,-5.283],[2.87,-5.56],[0,-24.352],[-49.64,11.681],[-39.551,-6.305],[-22.411,0.678],[0,64.505]],"o":[[-43.52,0],[-4.281,4.754],[-3.529,5.12],[-10.45,20.243],[0,57.766],[68.927,-16.219],[34.5,5.5],[59.831,-1.811],[0,-81.462]],"v":[[0,-147.5],[-107.887,-100.173],[-132.786,-102.352],[-131.148,-67.568],[-147.5,0],[-84.927,26.219],[-39,77.5],[36.911,23.822],[147.5,0]],"c":true}]},{"t":100.000004073084}]},"nm":"Path 1","mn":"ADBE Vector Shape - Group"},{"ty":"fl","c":{"a":0,"k":[0.4737563,0.7483898,0.827451,1]},"o":{"a":0,"k":100},"r":1,"nm":"Fill 1","mn":"ADBE Vector Graphic - Fill"}],"ip":0,"op":90.0000036657751,"st":0,"bm":0,"sr":1},{"ddd":0,"ind":6,"ty":4,"nm":"Shape Layer 8","ks":{"o":{"a":0,"k":100},"r":{"a":0,"k":0},"p":{"a":0,"k":[360,360,0]},"a":{"a":0,"k":[0,0,0]},"s":{"a":0,"k":[100,100,100]}},"ao":0,"shapes":[],"ip":0,"op":90.0000036657751,"st":0,"bm":0,"sr":1},{"ddd":0,"ind":7,"ty":4,"nm":"Shape Layer 7","ks":{"o":{"a":0,"k":100},"r":{"a":0,"k":0},"p":{"a":0,"k":[360,360,0]},"a":{"a":0,"k":[0,0,0]},"s":{"a":0,"k":[100,100,100]}},"ao":0,"shapes":[{"ty":"gr","it":[{"ty":"st","c":{"a":0,"k":[1,0,0,1]},"o":{"a":0,"k":100},"w":{"a":0,"k":5},"lc":1,"lj":1,"ml":4,"nm":"Stroke 1","mn":"ADBE Vector Graphic - Stroke"},{"ty":"fl","c":{"a":0,"k":[0.929412,0.929412,0.929412,1]},"o":{"a":0,"k":100},"r":1,"nm":"Fill 1","mn":"ADBE Vector Graphic - Fill"},{"ty":"tr","p":{"a":0,"k":[220,-157.5],"ix":2},"a":{"a":0,"k":[0,0],"ix":1},"s":{"a":0,"k":[100,100],"ix":3},"r":{"a":0,"k":0,"ix":6},"o":{"a":0,"k":100,"ix":7},"sk":{"a":0,"k":0,"ix":4},"sa":{"a":0,"k":0,"ix":5},"nm":"Transform"}],"nm":"Rectangle 1","np":2,"cix":2,"ix":1,"mn":"ADBE Vector Group"}],"ip":0,"op":90.0000036657751,"st":0,"bm":0,"sr":1},{"ddd":0,"ind":8,"ty":4,"nm":"Shape Layer 6","ks":{"o":{"a":0,"k":100},"r":{"a":0,"k":0},"p":{"a":0,"k":[360,360,0]},"a":{"a":0,"k":[0,0,0]},"s":{"a":0,"k":[100,100,100]}},"ao":0,"shapes":[{"ty":"gr","it":[{"ty":"st","c":{"a":0,"k":[1,0,0,1]},"o":{"a":0,"k":100},"w":{"a":0,"k":5},"lc":1,"lj":1,"ml":4,"nm":"Stroke 1","mn":"ADBE Vector Graphic - Stroke"},{"ty":"fl","c":{"a":0,"k":[0.929412,0.929412,0.929412,1]},"o":{"a":0,"k":100},"r":1,"nm":"Fill 1","mn":"ADBE Vector Graphic - Fill"},{"ty":"tr","p":{"a":0,"k":[0,0],"ix":2},"a":{"a":0,"k":[0,0],"ix":1},"s":{"a":0,"k":[100,100],"ix":3},"r":{"a":0,"k":0,"ix":6},"o":{"a":0,"k":100,"ix":7},"sk":{"a":0,"k":0,"ix":4},"sa":{"a":0,"k":0,"ix":5},"nm":"Transform"}],"nm":"Shape 1","np":2,"cix":2,"ix":1,"mn":"ADBE Vector Group"}],"ip":0,"op":90.0000036657751,"st":0,"bm":0,"sr":1},{"ddd":0,"ind":9,"ty":4,"nm":"Shape Layer 4","ks":{"o":{"a":0,"k":100},"r":{"a":0,"k":0},"p":{"a":0,"k":[300.5,360,0]},"a":{"a":0,"k":[0,0,0]},"s":{"a":0,"k":[100,100,100]}},"ao":0,"shapes":[{"d":1,"ty":"el","s":{"a":0,"k":[175,175]},"p":{"a":0,"k":[0,0]},"nm":"Ellipse Path 1","mn":"ADBE Vector Shape - Ellipse"},{"ty":"fl","c":{"a":0,"k":[1,1,1,1]},"o":{"a":0,"k":100},"r":1,"nm":"Fill 1","mn":"ADBE Vector Graphic - Fill"}],"ip":0,"op":90.0000036657751,"st":0,"bm":0,"sr":1},{"ddd":0,"ind":10,"ty":4,"nm":"Shape Layer 3","ks":{"o":{"a":0,"k":100},"r":{"a":0,"k":0},"p":{"a":0,"k":[320,360,0]},"a":{"a":0,"k":[0,0,0]},"s":{"a":0,"k":[100,100,100]}},"ao":0,"shapes":[{"d":1,"ty":"el","s":{"a":0,"k":[215,215]},"p":{"a":0,"k":[0,0]},"nm":"Ellipse Path 1","mn":"ADBE Vector Shape - Ellipse"},{"ty":"fl","c":{"a":0,"k":[0.9254902,0.9254902,0.9254902,1]},"o":{"a":0,"k":100},"r":1,"nm":"Fill 1","mn":"ADBE Vector Graphic - Fill"}],"ip":0,"op":90.0000036657751,"st":0,"bm":0,"sr":1},{"ddd":0,"ind":11,"ty":4,"nm":"Shape Layer 2","ks":{"o":{"a":0,"k":100},"r":{"a":0,"k":0},"p":{"a":0,"k":[340.5,360,0]},"a":{"a":0,"k":[0,0,0]},"s":{"a":0,"k":[100,100,100]}},"ao":0,"shapes":[{"d":1,"ty":"el","s":{"a":0,"k":[255,255]},"p":{"a":0,"k":[0,0]},"nm":"Ellipse Path 1","mn":"ADBE Vector Shape - Ellipse"},{"ty":"fl","c":{"a":0,"k":[0.8862745,0.8862745,0.8862745,1]},"o":{"a":0,"k":100},"r":1,"nm":"Fill 1","mn":"ADBE Vector Graphic - Fill"}],"ip":0,"op":90.0000036657751,"st":0,"bm":0,"sr":1},{"ddd":0,"ind":12,"ty":4,"nm":"Shape Layer 1","ks":{"o":{"a":0,"k":100},"r":{"a":0,"k":0},"p":{"a":0,"k":[360,360,0]},"a":{"a":0,"k":[0,0,0]},"s":{"a":0,"k":[100,100,100]}},"ao":0,"shapes":[{"d":1,"ty":"el","s":{"a":0,"k":[295,295]},"p":{"a":0,"k":[0,0]},"nm":"Ellipse Path 1","mn":"ADBE Vector Shape - Ellipse"},{"ty":"fl","c":{"a":0,"k":[0.8039216,0.8039216,0.8039216,1]},"o":{"a":0,"k":100},"r":1,"nm":"Fill 1","mn":"ADBE Vector Graphic - Fill"}],"ip":0,"op":90.0000036657751,"st":0,"bm":0,"sr":1}]}