{"v":"4.6.0","fr":60,"ip":0,"op":60,"w":1080,"h":1080,"nm":"How to Animate an Icon in After Effects","ddd":0,"assets":[],"layers":[{"ddd":0,"ind":1,"ty":4,"nm":"Play Left","ks":{"o":{"a":0,"k":100},"r":{"a":0,"k":0},"p":{"a":1,"k":[{"i":{"x":0.11,"y":1},"o":{"x":0.333,"y":0},"n":"0p11_1_0p333_0","t":26,"s":[546,540,0],"e":[546,512,0],"to":[0,0,0],"ti":[0,0,0]},{"t":46}]},"a":{"a":0,"k":[166.284,216.209,0]},"s":{"a":0,"k":[100,100,100]}},"ao":0,"shapes":[{"ty":"gr","it":[{"ind":0,"ty":"sh","ks":{"a":0,"k":{"i":[[0,0],[0,0],[0,0]],"o":[[0,0],[0,0],[0,0]],"v":[[102.67,329.749],[102.67,102.67],[229.899,216.209]],"c":false}},"nm":"Path 1","mn":"ADBE Vector Shape - Group"},{"ty":"tm","s":{"a":0,"k":0,"ix":1},"e":{"a":1,"k":[{"i":{"x":[0.11],"y":[1]},"o":{"x":[0.333],"y":[0]},"n":["0p11_1_0p333_0"],"t":6,"s":[100],"e":[38.8]},{"t":46}],"ix":2},"o":{"a":0,"k":0,"ix":3},"m":1,"ix":2,"nm":"Trim Paths 1","mn":"ADBE Vector Filter - Trim"},{"ty":"st","c":{"a":0,"k":[1,1,1,1]},"o":{"a":0,"k":100},"w":{"a":0,"k":41.068},"lc":2,"lj":2,"nm":"Stroke 1","mn":"ADBE Vector Graphic - Stroke"},{"ty":"tr","p":{"a":0,"k":[166.284,216.21],"ix":2},"a":{"a":0,"k":[166.284,216.21],"ix":1},"s":{"a":0,"k":[100,100],"ix":3},"r":{"a":0,"k":0,"ix":6},"o":{"a":0,"k":100,"ix":7},"sk":{"a":0,"k":0,"ix":4},"sa":{"a":0,"k":0,"ix":5},"nm":"Transform"}],"nm":"Group 1","np":3,"mn":"ADBE Vector Group"}],"ip":-2,"op":2238.23223223223,"st":6,"bm":0,"sr":1},{"ddd":0,"ind":2,"ty":4,"nm":"Pause Right","ks":{"o":{"a":0,"k":100},"r":{"a":0,"k":0},"p":{"a":1,"k":[{"i":{"x":0.667,"y":0.973},"o":{"x":0.333,"y":0},"n":"0p667_0p973_0p333_0","t":31,"s":[546.445,579.817,0],"e":[546.445,478.139,0],"to":[0,0,0],"ti":[0,0,0]},{"i":{"x":0.667,"y":1},"o":{"x":0.333,"y":0.056},"n":"0p667_1_0p333_0p056","t":37,"s":[546.445,478.139,0],"e":[546.445,551.817,0],"to":[0,0,0],"ti":[0,0,0]},{"t":46}]},"a":{"a":0,"k":[166.729,177.123,0]},"s":{"a":0,"k":[100,100,100]}},"ao":0,"shapes":[{"ty":"gr","it":[{"ind":0,"ty":"sh","ks":{"a":0,"k":{"i":[[0,0],[0,0],[0,0]],"o":[[0,0],[0,0],[0,0]],"v":[[64.06,-74.453],[64.06,74.453],[-64.06,74.453]],"c":false}},"nm":"Path 1","mn":"ADBE Vector Shape - Group"},{"ty":"tm","s":{"a":1,"k":[{"i":{"x":[0.11],"y":[1]},"o":{"x":[0.333],"y":[0]},"n":["0p11_1_0p333_0"],"t":6,"s":[100],"e":[0]},{"t":46}],"ix":1},"e":{"a":1,"k":[{"i":{"x":[0.11],"y":[1]},"o":{"x":[0.333],"y":[0]},"n":["0p11_1_0p333_0"],"t":26,"s":[100],"e":[53.3]},{"t":37}],"ix":2},"o":{"a":0,"k":0,"ix":3},"m":1,"ix":2,"nm":"Trim Paths 1","mn":"ADBE Vector Filter - Trim"},{"ty":"st","c":{"a":0,"k":[1,1,1,1]},"o":{"a":0,"k":100},"w":{"a":0,"k":41.068},"lc":2,"lj":2,"nm":"Stroke 1","mn":"ADBE Vector Graphic - Stroke"},{"ty":"tr","p":{"a":0,"k":[166.729,177.123],"ix":2},"a":{"a":0,"k":[0,0],"ix":1},"s":{"a":0,"k":[100,100],"ix":3},"r":{"a":0,"k":0,"ix":6},"o":{"a":0,"k":100,"ix":7},"sk":{"a":0,"k":0,"ix":4},"sa":{"a":0,"k":0,"ix":5},"nm":"Transform"}],"nm":"Group 1","np":3,"mn":"ADBE Vector Group"}],"ip":-2,"op":2238.23223223223,"st":6,"bm":0,"sr":1},{"ddd":0,"ind":3,"ty":4,"nm":"Full circle","ks":{"o":{"a":0,"k":100},"r":{"a":0,"k":0},"p":{"a":0,"k":[540,540,0]},"a":{"a":0,"k":[357.67,357.67,0]},"s":{"a":0,"k":[100,100,100]}},"ao":0,"shapes":[{"ty":"gr","it":[{"ind":0,"ty":"sh","ks":{"a":0,"k":{"i":[[0,140.833],[140.833,0],[0,-140.833],[-140.833,0]],"o":[[0,-140.833],[-140.833,0],[0,140.833],[140.833,0]],"v":[[255,0],[0,-255],[-255,0],[0,255]],"c":true}},"nm":"Path 1","mn":"ADBE Vector Shape - Group"},{"ty":"tm","s":{"a":1,"k":[{"i":{"x":[0.11],"y":[1]},"o":{"x":[0.333],"y":[0]},"n":["0p11_1_0p333_0"],"t":23,"s":[6],"e":[55]},{"t":43}],"ix":1},"e":{"a":0,"k":0,"ix":2},"o":{"a":0,"k":-103,"ix":3},"m":1,"ix":2,"nm":"Trim Paths 1","mn":"ADBE Vector Filter - Trim"},{"ty":"st","c":{"a":0,"k":[1,1,1,1]},"o":{"a":0,"k":100},"w":{"a":0,"k":41.068},"lc":2,"lj":2,"nm":"Stroke 1","mn":"ADBE Vector Graphic - Stroke"},{"ty":"tr","p":{"a":0,"k":[357.67,357.67],"ix":2},"a":{"a":0,"k":[0,0],"ix":1},"s":{"a":0,"k":[100,100],"ix":3},"r":{"a":0,"k":0,"ix":6},"o":{"a":0,"k":100,"ix":7},"sk":{"a":0,"k":0,"ix":4},"sa":{"a":0,"k":0,"ix":5},"nm":"Transform"}],"nm":"Group 1","np":3,"mn":"ADBE Vector Group"}],"ip":23,"op":2205.23223223223,"st":-27,"bm":0,"sr":1},{"ddd":0,"ind":4,"ty":4,"nm":"Line circle transform","ks":{"o":{"a":0,"k":100},"r":{"a":0,"k":0},"p":{"a":0,"k":[511.61,535.385,0]},"a":{"a":0,"k":[329.28,362.505,0]},"s":{"a":0,"k":[100,100,100]}},"ao":0,"shapes":[{"ty":"gr","it":[{"ind":0,"ty":"sh","ks":{"a":0,"k":{"i":[[0,0],[-42.26,42.27],[131.25,-9.67],[0,-140.83],[-140.83,0]],"o":[[0,0],[77.9,-61.57],[-140.83,0],[0,140.83],[0,0]],"v":[[-28.61,118.375],[148.71,-45.265],[28.39,-250.165],[-226.61,4.835],[28.39,259.835]],"c":false}},"nm":"Path 1","mn":"ADBE Vector Shape - Group"},{"ty":"tm","s":{"a":1,"k":[{"i":{"x":[0.667],"y":[1]},"o":{"x":[0.333],"y":[0]},"n":["0p667_1_0p333_0"],"t":6,"s":[0],"e":[60]},{"i":{"x":[0.11],"y":[1]},"o":{"x":[0.333],"y":[0]},"n":["0p11_1_0p333_0"],"t":26,"s":[60],"e":[41]},{"t":46}],"ix":1},"e":{"a":1,"k":[{"i":{"x":[0.667],"y":[1]},"o":{"x":[0.333],"y":[0]},"n":["0p667_1_0p333_0"],"t":6,"s":[12],"e":[100]},{"t":26}],"ix":2},"o":{"a":0,"k":0,"ix":3},"m":1,"ix":2,"nm":"Trim Paths 1","mn":"ADBE Vector Filter - Trim"},{"ty":"st","c":{"a":0,"k":[1,1,1,1]},"o":{"a":0,"k":100},"w":{"a":0,"k":41.068},"lc":2,"lj":2,"nm":"Stroke 1","mn":"ADBE Vector Graphic - Stroke"},{"ty":"tr","p":{"a":0,"k":[329.28,362.505],"ix":2},"a":{"a":0,"k":[0,0],"ix":1},"s":{"a":0,"k":[100,100],"ix":3},"r":{"a":0,"k":0,"ix":6},"o":{"a":0,"k":100,"ix":7},"sk":{"a":0,"k":0,"ix":4},"sa":{"a":0,"k":0,"ix":5},"nm":"Transform"}],"nm":"Group 1","np":3,"mn":"ADBE Vector Group"}],"ip":-2,"op":2238.23223223223,"st":6,"bm":0,"sr":1}]}